{
  "Author": "Omie",
  "Name": "Infinite Roleplay",
  "InternalName": "InfiniteRoleplay",
  "AssemblyVersion": "0.0.0.1",
  "Description": "/infinite to open window",
  "ApplicableVersion": "any",
  "RepoUrl": "https://github.com/serifas/irp",
  "Tags": [
    "infinite",
    "roleplay",
    "rp",
    "statsheets"
  ],
  "DalamudApiLevel": 8,
  "LoadRequiredState": 0,
  "LoadSync": false,
  "CanUnloadAsync": false,
  "LoadPriority": 0,
  "IconUrl": "http://i.imgur.com/j1Qgzx9.png",
  "Punchline": "An all around roleplay plugin.",
  "AcceptsFeedback": true
}