{
  "Author": "your name here",
  "Name": "Infinite Roleplay",
  "InternalName": "InfiniteRoleplay",
  "AssemblyVersion": "0.0.0.1",
  "Description": "A roleplay plugin for creating and managing profiles, stat sheets and events.",
  "ApplicableVersion": "any",
  "Tags": [
    "roleplay",
    "profiles",
    "stat sheets",
    "event management"
  ],
  "DalamudApiLevel": 8,
  "LoadRequiredState": 0,
  "LoadSync": false,
  "LoadPriority": 0,
  "Punchline": "An all around roleplay plugin.",
  "AcceptsFeedback": true
}