{
  "Disabled": false,
  "Testing": false,
  "ScheduledForDeletion": false,
  "InstalledFromUrl": "",
  "IsThirdParty": false,
  "EffectiveVersion": "0.0.0.1",
  "IsAvailableForTesting": false,
  "Author": "Omie",
  "Name": "Infinite Roleplay",
  "Punchline": "An all around roleplay plugin.",
  "Description": "/infinite to open window",
  "Changelog": null,
  "Tags": [
    "infinite",
    "roleplay",
    "rp",
    "statsheets"
  ],
  "CategoryTags": null,
  "IsHide": false,
  "InternalName": "InfiniteRoleplay",
  "AssemblyVersion": "0.0.0.1",
  "TestingAssemblyVersion": null,
  "IsTestingExclusive": false,
  "RepoUrl": "https://github.com/serifas/irp",
  "ApplicableVersion": "any",
  "DalamudApiLevel": 8,
  "DownloadCount": 0,
  "LastUpdate": 0,
  "DownloadLinkInstall": null,
  "DownloadLinkUpdate": null,
  "DownloadLinkTesting": null,
  "LoadRequiredState": 0,
  "LoadSync": false,
  "LoadPriority": 0,
  "CanUnloadAsync": false,
  "ImageUrls": null,
  "IconUrl": "https://raw.githubusercontent.com/serifas/irp/main/irp.png",
  "AcceptsFeedback": true,
  "FeedbackMessage": null,
  "_isDip17Plugin": false,
  "_Dip17Channel": null
}