{
  "Author": "your name here",
  "Name": "Infinite Roleplay",
  "InternalName": "InfiniteRoleplay",
  "AssemblyVersion": "0.0.0.1",
  "Description": "A description that shows up in /xlplugins. List any major slash-command(s).",
  "ApplicableVersion": "any",
  "Tags": [
    "sample",
    "plugin",
    "goats"
  ],
  "DalamudApiLevel": 8,
  "LoadRequiredState": 0,
  "LoadSync": false,
  "CanUnloadAsync": false,
  "LoadPriority": 0,
  "Punchline": "An all around roleplay plugin.",
  "AcceptsFeedback": true
}